{
   "fun": "example",
   "args": [
      10,
      6
   ],
   "n_threads": 8,
   "seq_iter": 2,
   "iter": 5,
   "mean": 0.023816936800722034,
   "variance": 3.590681306924483e-07
}