{
   "fun": "example",
   "args": [
      10,
      6
   ],
   "n_threads": 4,
   "seq_iter": 4,
   "iter": 5,
   "mean": 0.04184161239973037,
   "variance": 1.8263732614988842e-07
}