{
   "fun": "example",
   "args": [
      10,
      6
   ],
   "n_threads": 8,
   "seq_iter": 2,
   "iter": 5,
   "mean": 0.023671799199655653,
   "variance": 1.3254778754091418e-07
}