{
   "fun": "example",
   "args": [
      10,
      6
   ],
   "n_threads": 4,
   "seq_iter": 4,
   "iter": 5,
   "mean": 0.04158583620010177,
   "variance": 2.0203401591691796e-08
}