{
   "fun": "example",
   "args": [
      10,
      6
   ],
   "n_threads": 2,
   "seq_iter": 8,
   "iter": 5,
   "mean": 0.08069312919833464,
   "variance": 2.1667493863824703e-06
}