{
   "fun": "example",
   "args": [
      10,
      6
   ],
   "n_threads": 1,
   "seq_iter": 16,
   "iter": 5,
   "mean": 0.15507543320018158,
   "variance": 1.7276005421519736e-06
}