{
   "fun": "example",
   "args": [
      10,
      6
   ],
   "n_threads": 8,
   "seq_iter": 2,
   "iter": 5,
   "mean": 0.02374699739884818,
   "variance": 8.716225611111485e-08
}