{
   "fun": "example",
   "args": [
      10,
      6
   ],
   "n_threads": 2,
   "seq_iter": 8,
   "iter": 5,
   "mean": 0.08002180480107199,
   "variance": 1.3985004038847234e-08
}