{
   "fun": "example",
   "args": [
      10,
      6
   ],
   "n_threads": 1,
   "seq_iter": 16,
   "iter": 5,
   "mean": 0.15438201539946023,
   "variance": 1.86050158865423e-05
}