{
   "fun": "example",
   "args": [
      10,
      6
   ],
   "n_threads": 1,
   "seq_iter": 16,
   "iter": 5,
   "mean": 0.15743442800157936,
   "variance": 2.7572538216125466e-06
}