{
   "fun": "grezzo",
   "args": [
      10
   ],
   "n_threads": 1,
   "seq_iter": 16,
   "iter": 5,
   "mean": 0.0014382145993295126,
   "variance": 6.386435556493388e-09
}