{
   "fun": "grezzo",
   "args": [
      10
   ],
   "n_threads": 4,
   "seq_iter": 4,
   "iter": 5,
   "mean": 0.0026477756022359245,
   "variance": 1.0171426853300977e-08
}