{
   "fun": "grezzo",
   "args": [
      10
   ],
   "n_threads": 1,
   "seq_iter": 16,
   "iter": 5,
   "mean": 0.0010947996001050343,
   "variance": 2.8587061675855355e-09
}