{
   "fun": "grezzo",
   "args": [
      10
   ],
   "n_threads": 8,
   "seq_iter": 2,
   "iter": 5,
   "mean": 0.0033123414003057407,
   "variance": 2.4404142029976245e-08
}