{
   "fun": "grezzo",
   "args": [
      10
   ],
   "n_threads": 2,
   "seq_iter": 8,
   "iter": 5,
   "mean": 0.0018396899991785175,
   "variance": 2.879594927856226e-09
}