{
   "fun": "grezzo",
   "args": [
      10
   ],
   "n_threads": 8,
   "seq_iter": 2,
   "iter": 5,
   "mean": 0.002895003200319479,
   "variance": 1.3320747912622514e-08
}