{
   "fun": "grezzo",
   "args": [
      10
   ],
   "n_threads": 1,
   "seq_iter": 16,
   "iter": 5,
   "mean": 0.0014588063990231604,
   "variance": 1.0230905499176411e-08
}