{
   "fun": "grezzo",
   "args": [
      10
   ],
   "n_threads": 2,
   "seq_iter": 8,
   "iter": 5,
   "mean": 0.0015708651997556444,
   "variance": 1.2402805645565341e-08
}