{
   "fun": "grezzo",
   "args": [
      10
   ],
   "n_threads": 2,
   "seq_iter": 8,
   "iter": 5,
   "mean": 0.0018842055986169725,
   "variance": 2.6179158311333464e-08
}