{
   "fun": "just_wait",
   "args": [
      1
   ],
   "n_threads": 2,
   "seq_iter": 8,
   "iter": 5,
   "mean": 0.8029467463988113,
   "variance": 2.935092551079505e-08
}