{
   "fun": "just_wait",
   "args": [
      1
   ],
   "n_threads": 4,
   "seq_iter": 4,
   "iter": 5,
   "mean": 0.40144780519767664,
   "variance": 1.902147251113208e-07
}