{
   "fun": "just_wait",
   "args": [
      1
   ],
   "n_threads": 2,
   "seq_iter": 8,
   "iter": 5,
   "mean": 0.8023169480002252,
   "variance": 2.2409018950256e-07
}