{
   "fun": "just_wait",
   "args": [
      1
   ],
   "n_threads": 1,
   "seq_iter": 16,
   "iter": 5,
   "mean": 1.605315928600612,
   "variance": 5.882498039677566e-08
}