{
   "fun": "just_wait",
   "args": [
      1
   ],
   "n_threads": 8,
   "seq_iter": 2,
   "iter": 5,
   "mean": 0.20259069820021977,
   "variance": 5.029154524056356e-07
}